# The ways iText's tests open the encrypted PDFs of itext-dotnet, one line for each
# way of opening one file, read from the test classes named above each group.
# fetch-corpus.ps1 writes these lines to _passwords.tsv with the suite's name in
# front of each file, and fetches the certificates and keys they name.
#
# A password line gives a password the test class holds that PDFBox opens the
# file with, as the user or the owner; every such password is given, and an
# empty one besides where the file also opens with none. The exceptions are the
# files of revision 7, which PDFBox refuses before it looks at a password: their
# lines give the passwords the tests use. A certificate line gives, relative to
# the suite, the certificate and private key the test decrypts with, and the
# passphrase of the key, empty for a key that is not encrypted.

# itext.tests/itext.forms.tests/itext/forms/PdfEncryptionTest.cs
itext.tests/itext.forms.tests/resources/itext/forms/PdfEncryptionTest/cmp_encryptAes256Pdf2PermissionsTest01.pdf	Hello
itext.tests/itext.forms.tests/resources/itext/forms/PdfEncryptionTest/cmp_encryptAes256Pdf2PermissionsTest01.pdf	World
itext.tests/itext.forms.tests/resources/itext/forms/PdfEncryptionTest/cmp_encryptAes256Pdf2PermissionsTest02.pdf	Hello
itext.tests/itext.forms.tests/resources/itext/forms/PdfEncryptionTest/cmp_encryptAes256Pdf2PermissionsTest02.pdf	World
itext.tests/itext.forms.tests/resources/itext/forms/PdfEncryptionTest/encryptedDocumentWithFormFields.pdf	12345

# itext.tests/itext.kernel.tests/itext/kernel/crypto/EncryptionInApprovedModeTest.cs
itext.tests/itext.kernel.tests/resources/itext/kernel/crypto/EncryptionInApprovedModeTest/checkMD5LogMessageWhileReadingPdf.pdf	
itext.tests/itext.kernel.tests/resources/itext/kernel/crypto/EncryptionInApprovedModeTest/checkMD5LogMessageWhileReadingPdf.pdf	World

# itext.tests/itext.kernel.tests/itext/kernel/crypto/PdfDecryptingTest.cs
itext.tests/itext.kernel.tests/resources/itext/kernel/crypto/PdfDecryptingTest/adobe/withCertificate/aes256EcdsaP256.pdf		itext.tests/itext.kernel.tests/resources/itext/kernel/crypto/PdfDecryptingTest/certs/SHA256withECDSA_P256.crt	itext.tests/itext.kernel.tests/resources/itext/kernel/crypto/PdfDecryptingTest/certs/SHA256withECDSA_P256.key
itext.tests/itext.kernel.tests/resources/itext/kernel/crypto/PdfDecryptingTest/adobe/withCertificate/aes256Rsa.pdf		itext.tests/itext.kernel.tests/resources/itext/kernel/crypto/PdfDecryptingTest/certs/SHA256withRSA.crt	itext.tests/itext.kernel.tests/resources/itext/kernel/crypto/PdfDecryptingTest/certs/SHA256withRSA.key
itext.tests/itext.kernel.tests/resources/itext/kernel/crypto/PdfDecryptingTest/adobe/withPassword/aes128.pdf	user
itext.tests/itext.kernel.tests/resources/itext/kernel/crypto/PdfDecryptingTest/adobe/withPassword/aes128.pdf	owner
itext.tests/itext.kernel.tests/resources/itext/kernel/crypto/PdfDecryptingTest/adobe/withPassword/aes256.pdf	user
itext.tests/itext.kernel.tests/resources/itext/kernel/crypto/PdfDecryptingTest/adobe/withPassword/aes256.pdf	owner
itext.tests/itext.kernel.tests/resources/itext/kernel/crypto/PdfDecryptingTest/adobe/withPassword/standard128.pdf	user
itext.tests/itext.kernel.tests/resources/itext/kernel/crypto/PdfDecryptingTest/adobe/withPassword/standard128.pdf	owner
itext.tests/itext.kernel.tests/resources/itext/kernel/crypto/PdfDecryptingTest/adobe/withPassword/standard40.pdf	user
itext.tests/itext.kernel.tests/resources/itext/kernel/crypto/PdfDecryptingTest/adobe/withPassword/standard40.pdf	owner
itext.tests/itext.kernel.tests/resources/itext/kernel/crypto/PdfDecryptingTest/dotnet_regular/withCertificate/aes256Rsa.pdf		itext.tests/itext.kernel.tests/resources/itext/kernel/crypto/PdfDecryptingTest/certs/SHA256withRSA.crt	itext.tests/itext.kernel.tests/resources/itext/kernel/crypto/PdfDecryptingTest/certs/SHA256withRSA.key
itext.tests/itext.kernel.tests/resources/itext/kernel/crypto/PdfDecryptingTest/dotnet_regular/withPassword/aes128.pdf	user
itext.tests/itext.kernel.tests/resources/itext/kernel/crypto/PdfDecryptingTest/dotnet_regular/withPassword/aes128.pdf	owner
itext.tests/itext.kernel.tests/resources/itext/kernel/crypto/PdfDecryptingTest/dotnet_regular/withPassword/aes256.pdf	user
itext.tests/itext.kernel.tests/resources/itext/kernel/crypto/PdfDecryptingTest/dotnet_regular/withPassword/aes256.pdf	owner
itext.tests/itext.kernel.tests/resources/itext/kernel/crypto/PdfDecryptingTest/dotnet_regular/withPassword/aes256Pdf2.pdf	user
itext.tests/itext.kernel.tests/resources/itext/kernel/crypto/PdfDecryptingTest/dotnet_regular/withPassword/aes256Pdf2.pdf	owner
itext.tests/itext.kernel.tests/resources/itext/kernel/crypto/PdfDecryptingTest/dotnet_regular/withPassword/standard128.pdf	user
itext.tests/itext.kernel.tests/resources/itext/kernel/crypto/PdfDecryptingTest/dotnet_regular/withPassword/standard128.pdf	owner
itext.tests/itext.kernel.tests/resources/itext/kernel/crypto/PdfDecryptingTest/dotnet_regular/withPassword/standard40.pdf	user
itext.tests/itext.kernel.tests/resources/itext/kernel/crypto/PdfDecryptingTest/dotnet_regular/withPassword/standard40.pdf	owner
itext.tests/itext.kernel.tests/resources/itext/kernel/crypto/PdfDecryptingTest/dotnet_with_fips/withPassword/aes128.pdf	user
itext.tests/itext.kernel.tests/resources/itext/kernel/crypto/PdfDecryptingTest/dotnet_with_fips/withPassword/aes128.pdf	owner
itext.tests/itext.kernel.tests/resources/itext/kernel/crypto/PdfDecryptingTest/dotnet_with_fips/withPassword/aes256.pdf	user
itext.tests/itext.kernel.tests/resources/itext/kernel/crypto/PdfDecryptingTest/dotnet_with_fips/withPassword/aes256.pdf	owner
itext.tests/itext.kernel.tests/resources/itext/kernel/crypto/PdfDecryptingTest/dotnet_with_fips/withPassword/aes256Pdf2.pdf	user
itext.tests/itext.kernel.tests/resources/itext/kernel/crypto/PdfDecryptingTest/dotnet_with_fips/withPassword/aes256Pdf2.pdf	owner
itext.tests/itext.kernel.tests/resources/itext/kernel/crypto/PdfDecryptingTest/dotnet_with_fips/withPassword/standard128.pdf	user
itext.tests/itext.kernel.tests/resources/itext/kernel/crypto/PdfDecryptingTest/dotnet_with_fips/withPassword/standard128.pdf	owner
itext.tests/itext.kernel.tests/resources/itext/kernel/crypto/PdfDecryptingTest/dotnet_with_fips/withPassword/standard40.pdf	user
itext.tests/itext.kernel.tests/resources/itext/kernel/crypto/PdfDecryptingTest/dotnet_with_fips/withPassword/standard40.pdf	owner
itext.tests/itext.kernel.tests/resources/itext/kernel/crypto/PdfDecryptingTest/java_regular/withCertificate/aes256Rsa.pdf		itext.tests/itext.kernel.tests/resources/itext/kernel/crypto/PdfDecryptingTest/certs/SHA256withRSA.crt	itext.tests/itext.kernel.tests/resources/itext/kernel/crypto/PdfDecryptingTest/certs/SHA256withRSA.key
itext.tests/itext.kernel.tests/resources/itext/kernel/crypto/PdfDecryptingTest/java_regular/withPassword/aes128.pdf	user
itext.tests/itext.kernel.tests/resources/itext/kernel/crypto/PdfDecryptingTest/java_regular/withPassword/aes128.pdf	owner
itext.tests/itext.kernel.tests/resources/itext/kernel/crypto/PdfDecryptingTest/java_regular/withPassword/aes256.pdf	user
itext.tests/itext.kernel.tests/resources/itext/kernel/crypto/PdfDecryptingTest/java_regular/withPassword/aes256.pdf	owner
itext.tests/itext.kernel.tests/resources/itext/kernel/crypto/PdfDecryptingTest/java_regular/withPassword/aes256Pdf2.pdf	user
itext.tests/itext.kernel.tests/resources/itext/kernel/crypto/PdfDecryptingTest/java_regular/withPassword/aes256Pdf2.pdf	owner
itext.tests/itext.kernel.tests/resources/itext/kernel/crypto/PdfDecryptingTest/java_regular/withPassword/standard128.pdf	user
itext.tests/itext.kernel.tests/resources/itext/kernel/crypto/PdfDecryptingTest/java_regular/withPassword/standard128.pdf	owner
itext.tests/itext.kernel.tests/resources/itext/kernel/crypto/PdfDecryptingTest/java_regular/withPassword/standard40.pdf	user
itext.tests/itext.kernel.tests/resources/itext/kernel/crypto/PdfDecryptingTest/java_regular/withPassword/standard40.pdf	owner
itext.tests/itext.kernel.tests/resources/itext/kernel/crypto/PdfDecryptingTest/java_with_fips/withCertificate/aes256Rsa.pdf		itext.tests/itext.kernel.tests/resources/itext/kernel/crypto/PdfDecryptingTest/certs/SHA256withRSA.crt	itext.tests/itext.kernel.tests/resources/itext/kernel/crypto/PdfDecryptingTest/certs/SHA256withRSA.key
itext.tests/itext.kernel.tests/resources/itext/kernel/crypto/PdfDecryptingTest/java_with_fips/withPassword/aes128.pdf	user
itext.tests/itext.kernel.tests/resources/itext/kernel/crypto/PdfDecryptingTest/java_with_fips/withPassword/aes128.pdf	owner
itext.tests/itext.kernel.tests/resources/itext/kernel/crypto/PdfDecryptingTest/java_with_fips/withPassword/aes256.pdf	user
itext.tests/itext.kernel.tests/resources/itext/kernel/crypto/PdfDecryptingTest/java_with_fips/withPassword/aes256.pdf	owner
itext.tests/itext.kernel.tests/resources/itext/kernel/crypto/PdfDecryptingTest/java_with_fips/withPassword/aes256Pdf2.pdf	user
itext.tests/itext.kernel.tests/resources/itext/kernel/crypto/PdfDecryptingTest/java_with_fips/withPassword/aes256Pdf2.pdf	owner
itext.tests/itext.kernel.tests/resources/itext/kernel/crypto/PdfDecryptingTest/java_with_fips/withPassword/standard128.pdf	user
itext.tests/itext.kernel.tests/resources/itext/kernel/crypto/PdfDecryptingTest/java_with_fips/withPassword/standard128.pdf	owner
itext.tests/itext.kernel.tests/resources/itext/kernel/crypto/PdfDecryptingTest/java_with_fips/withPassword/standard40.pdf	user
itext.tests/itext.kernel.tests/resources/itext/kernel/crypto/PdfDecryptingTest/java_with_fips/withPassword/standard40.pdf	owner

# itext.tests/itext.kernel.tests/itext/kernel/crypto/PdfEncryptingTest.cs
itext.tests/itext.kernel.tests/resources/itext/kernel/crypto/PdfEncryptingTest/cmp_encryptWithCertificateAes256Rsa.pdf		itext.tests/itext.kernel.tests/resources/itext/kernel/crypto/PdfEncryptingTest/certs/SHA256withRSA.crt	itext.tests/itext.kernel.tests/resources/itext/kernel/crypto/PdfEncryptingTest/certs/SHA256withRSA.key
itext.tests/itext.kernel.tests/resources/itext/kernel/crypto/PdfEncryptingTest/cmp_encryptWithPasswordAes128.pdf	user
itext.tests/itext.kernel.tests/resources/itext/kernel/crypto/PdfEncryptingTest/cmp_encryptWithPasswordAes128.pdf	owner
itext.tests/itext.kernel.tests/resources/itext/kernel/crypto/PdfEncryptingTest/cmp_encryptWithPasswordAes256.pdf	user
itext.tests/itext.kernel.tests/resources/itext/kernel/crypto/PdfEncryptingTest/cmp_encryptWithPasswordAes256.pdf	owner
itext.tests/itext.kernel.tests/resources/itext/kernel/crypto/PdfEncryptingTest/cmp_encryptWithPasswordAes256Pdf2.pdf	user
itext.tests/itext.kernel.tests/resources/itext/kernel/crypto/PdfEncryptingTest/cmp_encryptWithPasswordAes256Pdf2.pdf	owner
itext.tests/itext.kernel.tests/resources/itext/kernel/crypto/PdfEncryptingTest/cmp_encryptWithPasswordStandard128.pdf	user
itext.tests/itext.kernel.tests/resources/itext/kernel/crypto/PdfEncryptingTest/cmp_encryptWithPasswordStandard128.pdf	owner
itext.tests/itext.kernel.tests/resources/itext/kernel/crypto/PdfEncryptingTest/cmp_encryptWithPasswordStandard40.pdf	user
itext.tests/itext.kernel.tests/resources/itext/kernel/crypto/PdfEncryptingTest/cmp_encryptWithPasswordStandard40.pdf	owner

# itext.tests/itext.kernel.tests/itext/kernel/crypto/PdfEncryptionManuallyPortedTest.cs
itext.tests/itext.kernel.tests/resources/itext/kernel/crypto/PdfEncryptionManuallyPortedTest/cmp_appended_encryptWithCertificateAes128.pdf	testpassphrase	itext.tests/itext.kernel.tests/resources/itext/kernel/crypto/PdfEncryptionManuallyPortedTest/test.cer	itext.tests/itext.kernel.tests/resources/itext/kernel/crypto/PdfEncryptionManuallyPortedTest/test.pem
itext.tests/itext.kernel.tests/resources/itext/kernel/crypto/PdfEncryptionManuallyPortedTest/cmp_appended_encryptWithCertificateAes128NoCompression.pdf	testpassphrase	itext.tests/itext.kernel.tests/resources/itext/kernel/crypto/PdfEncryptionManuallyPortedTest/test.cer	itext.tests/itext.kernel.tests/resources/itext/kernel/crypto/PdfEncryptionManuallyPortedTest/test.pem
itext.tests/itext.kernel.tests/resources/itext/kernel/crypto/PdfEncryptionManuallyPortedTest/cmp_appended_encryptWithCertificateAes256.pdf	testpassphrase	itext.tests/itext.kernel.tests/resources/itext/kernel/crypto/PdfEncryptionManuallyPortedTest/test.cer	itext.tests/itext.kernel.tests/resources/itext/kernel/crypto/PdfEncryptionManuallyPortedTest/test.pem
itext.tests/itext.kernel.tests/resources/itext/kernel/crypto/PdfEncryptionManuallyPortedTest/cmp_appended_encryptWithCertificateAes256NoCompression.pdf	testpassphrase	itext.tests/itext.kernel.tests/resources/itext/kernel/crypto/PdfEncryptionManuallyPortedTest/test.cer	itext.tests/itext.kernel.tests/resources/itext/kernel/crypto/PdfEncryptionManuallyPortedTest/test.pem
itext.tests/itext.kernel.tests/resources/itext/kernel/crypto/PdfEncryptionManuallyPortedTest/cmp_appended_encryptWithCertificateStandard128.pdf	testpassphrase	itext.tests/itext.kernel.tests/resources/itext/kernel/crypto/PdfEncryptionManuallyPortedTest/test.cer	itext.tests/itext.kernel.tests/resources/itext/kernel/crypto/PdfEncryptionManuallyPortedTest/test.pem
itext.tests/itext.kernel.tests/resources/itext/kernel/crypto/PdfEncryptionManuallyPortedTest/cmp_appended_encryptWithCertificateStandard128NoCompression.pdf	testpassphrase	itext.tests/itext.kernel.tests/resources/itext/kernel/crypto/PdfEncryptionManuallyPortedTest/test.cer	itext.tests/itext.kernel.tests/resources/itext/kernel/crypto/PdfEncryptionManuallyPortedTest/test.pem
itext.tests/itext.kernel.tests/resources/itext/kernel/crypto/PdfEncryptionManuallyPortedTest/cmp_appended_encryptWithCertificateStandard40.pdf	testpassphrase	itext.tests/itext.kernel.tests/resources/itext/kernel/crypto/PdfEncryptionManuallyPortedTest/test.cer	itext.tests/itext.kernel.tests/resources/itext/kernel/crypto/PdfEncryptionManuallyPortedTest/test.pem
itext.tests/itext.kernel.tests/resources/itext/kernel/crypto/PdfEncryptionManuallyPortedTest/cmp_appended_encryptWithCertificateStandard40NoCompression.pdf	testpassphrase	itext.tests/itext.kernel.tests/resources/itext/kernel/crypto/PdfEncryptionManuallyPortedTest/test.cer	itext.tests/itext.kernel.tests/resources/itext/kernel/crypto/PdfEncryptionManuallyPortedTest/test.pem
itext.tests/itext.kernel.tests/resources/itext/kernel/crypto/PdfEncryptionManuallyPortedTest/cmp_encryptWithCertificateAes128.pdf	testpassphrase	itext.tests/itext.kernel.tests/resources/itext/kernel/crypto/PdfEncryptionManuallyPortedTest/test.cer	itext.tests/itext.kernel.tests/resources/itext/kernel/crypto/PdfEncryptionManuallyPortedTest/test.pem
itext.tests/itext.kernel.tests/resources/itext/kernel/crypto/PdfEncryptionManuallyPortedTest/cmp_encryptWithCertificateAes128NoCompression.pdf	testpassphrase	itext.tests/itext.kernel.tests/resources/itext/kernel/crypto/PdfEncryptionManuallyPortedTest/test.cer	itext.tests/itext.kernel.tests/resources/itext/kernel/crypto/PdfEncryptionManuallyPortedTest/test.pem
itext.tests/itext.kernel.tests/resources/itext/kernel/crypto/PdfEncryptionManuallyPortedTest/cmp_encryptWithCertificateAes256.pdf	testpassphrase	itext.tests/itext.kernel.tests/resources/itext/kernel/crypto/PdfEncryptionManuallyPortedTest/test.cer	itext.tests/itext.kernel.tests/resources/itext/kernel/crypto/PdfEncryptionManuallyPortedTest/test.pem
itext.tests/itext.kernel.tests/resources/itext/kernel/crypto/PdfEncryptionManuallyPortedTest/cmp_encryptWithCertificateAes256NoCompression.pdf	testpassphrase	itext.tests/itext.kernel.tests/resources/itext/kernel/crypto/PdfEncryptionManuallyPortedTest/test.cer	itext.tests/itext.kernel.tests/resources/itext/kernel/crypto/PdfEncryptionManuallyPortedTest/test.pem
itext.tests/itext.kernel.tests/resources/itext/kernel/crypto/PdfEncryptionManuallyPortedTest/cmp_encryptWithCertificateStandard128.pdf	testpassphrase	itext.tests/itext.kernel.tests/resources/itext/kernel/crypto/PdfEncryptionManuallyPortedTest/test.cer	itext.tests/itext.kernel.tests/resources/itext/kernel/crypto/PdfEncryptionManuallyPortedTest/test.pem
itext.tests/itext.kernel.tests/resources/itext/kernel/crypto/PdfEncryptionManuallyPortedTest/cmp_encryptWithCertificateStandard128NoCompression.pdf	testpassphrase	itext.tests/itext.kernel.tests/resources/itext/kernel/crypto/PdfEncryptionManuallyPortedTest/test.cer	itext.tests/itext.kernel.tests/resources/itext/kernel/crypto/PdfEncryptionManuallyPortedTest/test.pem
itext.tests/itext.kernel.tests/resources/itext/kernel/crypto/PdfEncryptionManuallyPortedTest/cmp_encryptWithCertificateStandard40.pdf	testpassphrase	itext.tests/itext.kernel.tests/resources/itext/kernel/crypto/PdfEncryptionManuallyPortedTest/test.cer	itext.tests/itext.kernel.tests/resources/itext/kernel/crypto/PdfEncryptionManuallyPortedTest/test.pem
itext.tests/itext.kernel.tests/resources/itext/kernel/crypto/PdfEncryptionManuallyPortedTest/cmp_encryptWithCertificateStandard40NoCompression.pdf	testpassphrase	itext.tests/itext.kernel.tests/resources/itext/kernel/crypto/PdfEncryptionManuallyPortedTest/test.cer	itext.tests/itext.kernel.tests/resources/itext/kernel/crypto/PdfEncryptionManuallyPortedTest/test.pem
itext.tests/itext.kernel.tests/resources/itext/kernel/crypto/PdfEncryptionManuallyPortedTest/encryptedWithCertificateAes128.pdf	testpassphrase	itext.tests/itext.kernel.tests/resources/itext/kernel/crypto/PdfEncryptionManuallyPortedTest/test.cer	itext.tests/itext.kernel.tests/resources/itext/kernel/crypto/PdfEncryptionManuallyPortedTest/test.pem
itext.tests/itext.kernel.tests/resources/itext/kernel/crypto/PdfEncryptionManuallyPortedTest/encryptedWithCertificateWithDefaultKeyLength.pdf	testpassphrase	itext.tests/itext.kernel.tests/resources/itext/kernel/crypto/PdfEncryptionManuallyPortedTest/test.cer	itext.tests/itext.kernel.tests/resources/itext/kernel/crypto/PdfEncryptionManuallyPortedTest/test.pem

# itext.tests/itext.kernel.tests/itext/kernel/crypto/UnencryptedWrapperTest.cs
itext.tests/itext.kernel.tests/resources/itext/kernel/crypto/UnencryptedWrapperTest/cmp_standardEncryptedDocument.pdf	Hello
itext.tests/itext.kernel.tests/resources/itext/kernel/crypto/UnencryptedWrapperTest/cmp_standardEncryptedDocument.pdf	World

# itext.tests/itext.kernel.tests/itext/kernel/crypto/pdfencryption/PdfEncryptionTest.cs
itext.tests/itext.kernel.tests/resources/itext/kernel/crypto/pdfencryption/PdfEncryptionTest/AdobeAes256.pdf	user
itext.tests/itext.kernel.tests/resources/itext/kernel/crypto/pdfencryption/PdfEncryptionTest/AdobeAes256.pdf	owner
itext.tests/itext.kernel.tests/resources/itext/kernel/crypto/pdfencryption/PdfEncryptionTest/cmp_appended_encryptAes256FullCompression.pdf	Hello
itext.tests/itext.kernel.tests/resources/itext/kernel/crypto/pdfencryption/PdfEncryptionTest/cmp_appended_encryptAes256FullCompression.pdf	World
itext.tests/itext.kernel.tests/resources/itext/kernel/crypto/pdfencryption/PdfEncryptionTest/cmp_appended_encryptAes256Pdf2NotEncryptMetadata.pdf	Hello
itext.tests/itext.kernel.tests/resources/itext/kernel/crypto/pdfencryption/PdfEncryptionTest/cmp_appended_encryptAes256Pdf2NotEncryptMetadata.pdf	World
itext.tests/itext.kernel.tests/resources/itext/kernel/crypto/pdfencryption/PdfEncryptionTest/cmp_appended_encryptAes256Pdf2NotEncryptMetadata02.pdf	Hello
itext.tests/itext.kernel.tests/resources/itext/kernel/crypto/pdfencryption/PdfEncryptionTest/cmp_appended_encryptAes256Pdf2NotEncryptMetadata02.pdf	World
itext.tests/itext.kernel.tests/resources/itext/kernel/crypto/pdfencryption/PdfEncryptionTest/cmp_appended_encryptWithPasswordAes128.pdf	Hello
itext.tests/itext.kernel.tests/resources/itext/kernel/crypto/pdfencryption/PdfEncryptionTest/cmp_appended_encryptWithPasswordAes128.pdf	World
itext.tests/itext.kernel.tests/resources/itext/kernel/crypto/pdfencryption/PdfEncryptionTest/cmp_appended_encryptWithPasswordAes128NoCompression.pdf	Hello
itext.tests/itext.kernel.tests/resources/itext/kernel/crypto/pdfencryption/PdfEncryptionTest/cmp_appended_encryptWithPasswordAes128NoCompression.pdf	World
itext.tests/itext.kernel.tests/resources/itext/kernel/crypto/pdfencryption/PdfEncryptionTest/cmp_appended_encryptWithPasswordAes128Pdf2.pdf	Hello
itext.tests/itext.kernel.tests/resources/itext/kernel/crypto/pdfencryption/PdfEncryptionTest/cmp_appended_encryptWithPasswordAes128Pdf2.pdf	World
itext.tests/itext.kernel.tests/resources/itext/kernel/crypto/pdfencryption/PdfEncryptionTest/cmp_appended_encryptWithPasswordAes256.pdf	Hello
itext.tests/itext.kernel.tests/resources/itext/kernel/crypto/pdfencryption/PdfEncryptionTest/cmp_appended_encryptWithPasswordAes256.pdf	World
itext.tests/itext.kernel.tests/resources/itext/kernel/crypto/pdfencryption/PdfEncryptionTest/cmp_appended_encryptWithPasswordAes256NoCompression.pdf	Hello
itext.tests/itext.kernel.tests/resources/itext/kernel/crypto/pdfencryption/PdfEncryptionTest/cmp_appended_encryptWithPasswordAes256NoCompression.pdf	World
itext.tests/itext.kernel.tests/resources/itext/kernel/crypto/pdfencryption/PdfEncryptionTest/cmp_appended_encryptWithPasswordAes256Pdf2.pdf	Hello
itext.tests/itext.kernel.tests/resources/itext/kernel/crypto/pdfencryption/PdfEncryptionTest/cmp_appended_encryptWithPasswordAes256Pdf2.pdf	World
itext.tests/itext.kernel.tests/resources/itext/kernel/crypto/pdfencryption/PdfEncryptionTest/cmp_appended_encryptWithPasswordStandard128.pdf	Hello
itext.tests/itext.kernel.tests/resources/itext/kernel/crypto/pdfencryption/PdfEncryptionTest/cmp_appended_encryptWithPasswordStandard128.pdf	World
itext.tests/itext.kernel.tests/resources/itext/kernel/crypto/pdfencryption/PdfEncryptionTest/cmp_appended_encryptWithPasswordStandard128NoCompression.pdf	Hello
itext.tests/itext.kernel.tests/resources/itext/kernel/crypto/pdfencryption/PdfEncryptionTest/cmp_appended_encryptWithPasswordStandard128NoCompression.pdf	World
itext.tests/itext.kernel.tests/resources/itext/kernel/crypto/pdfencryption/PdfEncryptionTest/cmp_appended_encryptWithPasswordStandard40.pdf	Hello
itext.tests/itext.kernel.tests/resources/itext/kernel/crypto/pdfencryption/PdfEncryptionTest/cmp_appended_encryptWithPasswordStandard40.pdf	World
itext.tests/itext.kernel.tests/resources/itext/kernel/crypto/pdfencryption/PdfEncryptionTest/cmp_appended_encryptWithPasswordStandard40NoCompression.pdf	Hello
itext.tests/itext.kernel.tests/resources/itext/kernel/crypto/pdfencryption/PdfEncryptionTest/cmp_appended_encryptWithPasswordStandard40NoCompression.pdf	World
itext.tests/itext.kernel.tests/resources/itext/kernel/crypto/pdfencryption/PdfEncryptionTest/cmp_encryptAes256EncryptedStampingUpdate.pdf	Hello
itext.tests/itext.kernel.tests/resources/itext/kernel/crypto/pdfencryption/PdfEncryptionTest/cmp_encryptAes256EncryptedStampingUpdate.pdf	World
itext.tests/itext.kernel.tests/resources/itext/kernel/crypto/pdfencryption/PdfEncryptionTest/cmp_encryptAes256FullCompression.pdf	Hello
itext.tests/itext.kernel.tests/resources/itext/kernel/crypto/pdfencryption/PdfEncryptionTest/cmp_encryptAes256FullCompression.pdf	World
itext.tests/itext.kernel.tests/resources/itext/kernel/crypto/pdfencryption/PdfEncryptionTest/cmp_encryptAes256Pdf2NotEncryptMetadata.pdf	Hello
itext.tests/itext.kernel.tests/resources/itext/kernel/crypto/pdfencryption/PdfEncryptionTest/cmp_encryptAes256Pdf2NotEncryptMetadata.pdf	World
itext.tests/itext.kernel.tests/resources/itext/kernel/crypto/pdfencryption/PdfEncryptionTest/cmp_encryptAes256Pdf2NotEncryptMetadata02.pdf	Hello
itext.tests/itext.kernel.tests/resources/itext/kernel/crypto/pdfencryption/PdfEncryptionTest/cmp_encryptAes256Pdf2NotEncryptMetadata02.pdf	World
itext.tests/itext.kernel.tests/resources/itext/kernel/crypto/pdfencryption/PdfEncryptionTest/cmp_encryptAes256Pdf2Permissions.pdf	Hello
itext.tests/itext.kernel.tests/resources/itext/kernel/crypto/pdfencryption/PdfEncryptionTest/cmp_encryptAes256Pdf2Permissions.pdf	World
itext.tests/itext.kernel.tests/resources/itext/kernel/crypto/pdfencryption/PdfEncryptionTest/cmp_encryptWithPasswordAes128.pdf	Hello
itext.tests/itext.kernel.tests/resources/itext/kernel/crypto/pdfencryption/PdfEncryptionTest/cmp_encryptWithPasswordAes128.pdf	World
itext.tests/itext.kernel.tests/resources/itext/kernel/crypto/pdfencryption/PdfEncryptionTest/cmp_encryptWithPasswordAes128NoCompression.pdf	Hello
itext.tests/itext.kernel.tests/resources/itext/kernel/crypto/pdfencryption/PdfEncryptionTest/cmp_encryptWithPasswordAes128NoCompression.pdf	World
itext.tests/itext.kernel.tests/resources/itext/kernel/crypto/pdfencryption/PdfEncryptionTest/cmp_encryptWithPasswordAes128NoMetadataCompression.pdf	superowner
itext.tests/itext.kernel.tests/resources/itext/kernel/crypto/pdfencryption/PdfEncryptionTest/cmp_encryptWithPasswordAes128NoMetadataCompression.pdf	superuser
itext.tests/itext.kernel.tests/resources/itext/kernel/crypto/pdfencryption/PdfEncryptionTest/cmp_encryptWithPasswordAes128Pdf2.pdf	Hello
itext.tests/itext.kernel.tests/resources/itext/kernel/crypto/pdfencryption/PdfEncryptionTest/cmp_encryptWithPasswordAes128Pdf2.pdf	World
itext.tests/itext.kernel.tests/resources/itext/kernel/crypto/pdfencryption/PdfEncryptionTest/cmp_encryptWithPasswordAes256.pdf	Hello
itext.tests/itext.kernel.tests/resources/itext/kernel/crypto/pdfencryption/PdfEncryptionTest/cmp_encryptWithPasswordAes256.pdf	World
itext.tests/itext.kernel.tests/resources/itext/kernel/crypto/pdfencryption/PdfEncryptionTest/cmp_encryptWithPasswordAes256NoCompression.pdf	Hello
itext.tests/itext.kernel.tests/resources/itext/kernel/crypto/pdfencryption/PdfEncryptionTest/cmp_encryptWithPasswordAes256NoCompression.pdf	World
itext.tests/itext.kernel.tests/resources/itext/kernel/crypto/pdfencryption/PdfEncryptionTest/cmp_encryptWithPasswordAes256Pdf2.pdf	Hello
itext.tests/itext.kernel.tests/resources/itext/kernel/crypto/pdfencryption/PdfEncryptionTest/cmp_encryptWithPasswordAes256Pdf2.pdf	World
itext.tests/itext.kernel.tests/resources/itext/kernel/crypto/pdfencryption/PdfEncryptionTest/cmp_encryptWithPasswordStandard128.pdf	Hello
itext.tests/itext.kernel.tests/resources/itext/kernel/crypto/pdfencryption/PdfEncryptionTest/cmp_encryptWithPasswordStandard128.pdf	World
itext.tests/itext.kernel.tests/resources/itext/kernel/crypto/pdfencryption/PdfEncryptionTest/cmp_encryptWithPasswordStandard128NoCompression.pdf	Hello
itext.tests/itext.kernel.tests/resources/itext/kernel/crypto/pdfencryption/PdfEncryptionTest/cmp_encryptWithPasswordStandard128NoCompression.pdf	World
itext.tests/itext.kernel.tests/resources/itext/kernel/crypto/pdfencryption/PdfEncryptionTest/cmp_encryptWithPasswordStandard40.pdf	Hello
itext.tests/itext.kernel.tests/resources/itext/kernel/crypto/pdfencryption/PdfEncryptionTest/cmp_encryptWithPasswordStandard40.pdf	World
itext.tests/itext.kernel.tests/resources/itext/kernel/crypto/pdfencryption/PdfEncryptionTest/cmp_encryptWithPasswordStandard40NoCompression.pdf	Hello
itext.tests/itext.kernel.tests/resources/itext/kernel/crypto/pdfencryption/PdfEncryptionTest/cmp_encryptWithPasswordStandard40NoCompression.pdf	World
itext.tests/itext.kernel.tests/resources/itext/kernel/crypto/pdfencryption/PdfEncryptionTest/cmp_stampAndUpdateVersionNewAes256.pdf	Hello
itext.tests/itext.kernel.tests/resources/itext/kernel/crypto/pdfencryption/PdfEncryptionTest/cmp_stampAndUpdateVersionNewAes256.pdf	World
itext.tests/itext.kernel.tests/resources/itext/kernel/crypto/pdfencryption/PdfEncryptionTest/encryptedWithCertificateAes128.pdf	testpassphrase	itext.tests/itext.kernel.tests/resources/itext/kernel/crypto/pdfencryption/PdfEncryptionTest/test.cer	itext.tests/itext.kernel.tests/resources/itext/kernel/crypto/pdfencryption/PdfEncryptionTest/test.pem
itext.tests/itext.kernel.tests/resources/itext/kernel/crypto/pdfencryption/PdfEncryptionTest/encryptedWithPasswordAes256.pdf	Hello
itext.tests/itext.kernel.tests/resources/itext/kernel/crypto/pdfencryption/PdfEncryptionTest/encryptedWithPasswordAes256.pdf	World
itext.tests/itext.kernel.tests/resources/itext/kernel/crypto/pdfencryption/PdfEncryptionTest/encryptedWithPasswordAes256_modifiedPermissions.pdf	Hello
itext.tests/itext.kernel.tests/resources/itext/kernel/crypto/pdfencryption/PdfEncryptionTest/encryptedWithPasswordAes256_modifiedPermissions.pdf	World
itext.tests/itext.kernel.tests/resources/itext/kernel/crypto/pdfencryption/PdfEncryptionTest/encryptedWithPasswordStandard40.pdf	Hello
itext.tests/itext.kernel.tests/resources/itext/kernel/crypto/pdfencryption/PdfEncryptionTest/encryptedWithPasswordStandard40.pdf	World
itext.tests/itext.kernel.tests/resources/itext/kernel/crypto/pdfencryption/PdfEncryptionTest/encryptedWithPasswordWithDefaultKeyLength.pdf	user
itext.tests/itext.kernel.tests/resources/itext/kernel/crypto/pdfencryption/PdfEncryptionTest/encryptedWithPasswordWithDefaultKeyLength.pdf	owner
itext.tests/itext.kernel.tests/resources/itext/kernel/crypto/pdfencryption/PdfEncryptionTest/encryptedWithPlainMetadata.pdf	Hello
itext.tests/itext.kernel.tests/resources/itext/kernel/crypto/pdfencryption/PdfEncryptionTest/encryptedWithPlainMetadata.pdf	World
itext.tests/itext.kernel.tests/resources/itext/kernel/crypto/pdfencryption/PdfEncryptionTest/noUserPassword.pdf	
itext.tests/itext.kernel.tests/resources/itext/kernel/crypto/pdfencryption/PdfEncryptionTest/noUserPassword.pdf	World

# itext.tests/itext.kernel.tests/itext/kernel/crypto/pdfencryption/PdfPreserveEncryptionTest.cs
itext.tests/itext.kernel.tests/resources/itext/kernel/crypto/pdfencryption/PdfPreserveEncryptionTest/cmp_encryptAes256EncryptedStampingPreserve.pdf	Hello
itext.tests/itext.kernel.tests/resources/itext/kernel/crypto/pdfencryption/PdfPreserveEncryptionTest/cmp_encryptAes256EncryptedStampingPreserve.pdf	World
itext.tests/itext.kernel.tests/resources/itext/kernel/crypto/pdfencryption/PdfPreserveEncryptionTest/cmp_preserveEncryptionWithShortId.pdf	
itext.tests/itext.kernel.tests/resources/itext/kernel/crypto/pdfencryption/PdfPreserveEncryptionTest/cmp_preserveEncryptionWithShortId.pdf	World
itext.tests/itext.kernel.tests/resources/itext/kernel/crypto/pdfencryption/PdfPreserveEncryptionTest/cmp_stampAndUpdateVersionPreserveAes256.pdf	Hello
itext.tests/itext.kernel.tests/resources/itext/kernel/crypto/pdfencryption/PdfPreserveEncryptionTest/cmp_stampAndUpdateVersionPreserveAes256.pdf	World
itext.tests/itext.kernel.tests/resources/itext/kernel/crypto/pdfencryption/PdfPreserveEncryptionTest/cmp_stampAndUpdateVersionPreserveStandard40.pdf	Hello
itext.tests/itext.kernel.tests/resources/itext/kernel/crypto/pdfencryption/PdfPreserveEncryptionTest/cmp_stampAndUpdateVersionPreserveStandard40.pdf	World
itext.tests/itext.kernel.tests/resources/itext/kernel/crypto/pdfencryption/PdfPreserveEncryptionTest/encryptedWithPasswordAes256.pdf	Hello
itext.tests/itext.kernel.tests/resources/itext/kernel/crypto/pdfencryption/PdfPreserveEncryptionTest/encryptedWithPasswordAes256.pdf	World
itext.tests/itext.kernel.tests/resources/itext/kernel/crypto/pdfencryption/PdfPreserveEncryptionTest/encryptedWithPasswordStandard40.pdf	Hello
itext.tests/itext.kernel.tests/resources/itext/kernel/crypto/pdfencryption/PdfPreserveEncryptionTest/encryptedWithPasswordStandard40.pdf	World
itext.tests/itext.kernel.tests/resources/itext/kernel/crypto/pdfencryption/PdfPreserveEncryptionTest/encryptedWithPlainMetadata.pdf	Hello
itext.tests/itext.kernel.tests/resources/itext/kernel/crypto/pdfencryption/PdfPreserveEncryptionTest/encryptedWithPlainMetadata.pdf	World
itext.tests/itext.kernel.tests/resources/itext/kernel/crypto/pdfencryption/PdfPreserveEncryptionTest/encryptedWithShortId.pdf	
itext.tests/itext.kernel.tests/resources/itext/kernel/crypto/pdfencryption/PdfPreserveEncryptionTest/encryptedWithShortId.pdf	World

# itext.tests/itext.kernel.tests/itext/kernel/crypto/pdfencryption/UnicodeBasedPasswordEncryptionTest.cs
itext.tests/itext.kernel.tests/resources/itext/kernel/crypto/pdfencryption/UnicodeBasedPasswordEncryptionTest/cmp_unicodePassword_arabic01.pdf	Hello
itext.tests/itext.kernel.tests/resources/itext/kernel/crypto/pdfencryption/UnicodeBasedPasswordEncryptionTest/cmp_unicodePassword_arabic01.pdf	الرحيم
itext.tests/itext.kernel.tests/resources/itext/kernel/crypto/pdfencryption/UnicodeBasedPasswordEncryptionTest/cmp_unicodePassword_arabic02.pdf	Hello
itext.tests/itext.kernel.tests/resources/itext/kernel/crypto/pdfencryption/UnicodeBasedPasswordEncryptionTest/cmp_unicodePassword_arabic02.pdf	ال,ر11حيم
itext.tests/itext.kernel.tests/resources/itext/kernel/crypto/pdfencryption/UnicodeBasedPasswordEncryptionTest/cmp_unicodePassword_arabic03.pdf	Hello
itext.tests/itext.kernel.tests/resources/itext/kernel/crypto/pdfencryption/UnicodeBasedPasswordEncryptionTest/cmp_unicodePassword_arabic03.pdf	لـه
itext.tests/itext.kernel.tests/resources/itext/kernel/crypto/pdfencryption/UnicodeBasedPasswordEncryptionTest/cmp_unicodePassword_arabic04.pdf	Hello
itext.tests/itext.kernel.tests/resources/itext/kernel/crypto/pdfencryption/UnicodeBasedPasswordEncryptionTest/cmp_unicodePassword_arabic04.pdf	لا
itext.tests/itext.kernel.tests/resources/itext/kernel/crypto/pdfencryption/UnicodeBasedPasswordEncryptionTest/cmp_unicodePassword_arabic04.pdf	ﻻ
itext.tests/itext.kernel.tests/resources/itext/kernel/crypto/pdfencryption/UnicodeBasedPasswordEncryptionTest/cmp_unicodePassword_arabic05.pdf	Hello
itext.tests/itext.kernel.tests/resources/itext/kernel/crypto/pdfencryption/UnicodeBasedPasswordEncryptionTest/cmp_unicodePassword_arabic05.pdf	لا
itext.tests/itext.kernel.tests/resources/itext/kernel/crypto/pdfencryption/UnicodeBasedPasswordEncryptionTest/cmp_unicodePassword_arabic05.pdf	ﻻ
itext.tests/itext.kernel.tests/resources/itext/kernel/crypto/pdfencryption/UnicodeBasedPasswordEncryptionTest/cmp_unicodePassword_devanagari01.pdf	Hello
itext.tests/itext.kernel.tests/resources/itext/kernel/crypto/pdfencryption/UnicodeBasedPasswordEncryptionTest/cmp_unicodePassword_devanagari01.pdf	शांति    देवनागरी
itext.tests/itext.kernel.tests/resources/itext/kernel/crypto/pdfencryption/UnicodeBasedPasswordEncryptionTest/cmp_unicodePassword_devanagari02.pdf	Hello
itext.tests/itext.kernel.tests/resources/itext/kernel/crypto/pdfencryption/UnicodeBasedPasswordEncryptionTest/cmp_unicodePassword_devanagari02.pdf	की प्राचीनतम
itext.tests/itext.kernel.tests/resources/itext/kernel/crypto/pdfencryption/UnicodeBasedPasswordEncryptionTest/cmp_unicodePassword_emoji01.pdf	Hello
itext.tests/itext.kernel.tests/resources/itext/kernel/crypto/pdfencryption/UnicodeBasedPasswordEncryptionTest/cmp_unicodePassword_emoji01.pdf	♻
itext.tests/itext.kernel.tests/resources/itext/kernel/crypto/pdfencryption/UnicodeBasedPasswordEncryptionTest/cmp_unicodePassword_gurmukhi01.pdf	Hello
itext.tests/itext.kernel.tests/resources/itext/kernel/crypto/pdfencryption/UnicodeBasedPasswordEncryptionTest/cmp_unicodePassword_gurmukhi01.pdf	ਗ੍ਰੰਥ ਸਾਹਿਬ
itext.tests/itext.kernel.tests/resources/itext/kernel/crypto/pdfencryption/UnicodeBasedPasswordEncryptionTest/cmp_unicodePassword_khmer01.pdf	Hello
itext.tests/itext.kernel.tests/resources/itext/kernel/crypto/pdfencryption/UnicodeBasedPasswordEncryptionTest/cmp_unicodePassword_khmer01.pdf	ញ្ចូ
itext.tests/itext.kernel.tests/resources/itext/kernel/crypto/pdfencryption/UnicodeBasedPasswordEncryptionTest/cmp_unicodePassword_nfkcNormalization01.pdf	Hello
itext.tests/itext.kernel.tests/resources/itext/kernel/crypto/pdfencryption/UnicodeBasedPasswordEncryptionTest/cmp_unicodePassword_nfkcNormalization01.pdf	ো
itext.tests/itext.kernel.tests/resources/itext/kernel/crypto/pdfencryption/UnicodeBasedPasswordEncryptionTest/cmp_unicodePassword_nfkcNormalization01.pdf	ো
itext.tests/itext.kernel.tests/resources/itext/kernel/crypto/pdfencryption/UnicodeBasedPasswordEncryptionTest/cmp_unicodePassword_nfkcNormalization02.pdf	Hello
itext.tests/itext.kernel.tests/resources/itext/kernel/crypto/pdfencryption/UnicodeBasedPasswordEncryptionTest/cmp_unicodePassword_nfkcNormalization02.pdf	ギガ
itext.tests/itext.kernel.tests/resources/itext/kernel/crypto/pdfencryption/UnicodeBasedPasswordEncryptionTest/cmp_unicodePassword_nfkcNormalization02.pdf	㌐
itext.tests/itext.kernel.tests/resources/itext/kernel/crypto/pdfencryption/UnicodeBasedPasswordEncryptionTest/cmp_unicodePassword_nfkcNormalization02.pdf	ギガ
itext.tests/itext.kernel.tests/resources/itext/kernel/crypto/pdfencryption/UnicodeBasedPasswordEncryptionTest/cmp_unicodePassword_nfkcNormalization03.pdf	Hello
itext.tests/itext.kernel.tests/resources/itext/kernel/crypto/pdfencryption/UnicodeBasedPasswordEncryptionTest/cmp_unicodePassword_nfkcNormalization03.pdf	ギガ
itext.tests/itext.kernel.tests/resources/itext/kernel/crypto/pdfencryption/UnicodeBasedPasswordEncryptionTest/cmp_unicodePassword_nfkcNormalization03.pdf	㌐
itext.tests/itext.kernel.tests/resources/itext/kernel/crypto/pdfencryption/UnicodeBasedPasswordEncryptionTest/cmp_unicodePassword_nfkcNormalization03.pdf	ギガ
itext.tests/itext.kernel.tests/resources/itext/kernel/crypto/pdfencryption/UnicodeBasedPasswordEncryptionTest/cmp_unicodePassword_nfkcNormalization04.pdf	Hello
itext.tests/itext.kernel.tests/resources/itext/kernel/crypto/pdfencryption/UnicodeBasedPasswordEncryptionTest/cmp_unicodePassword_nfkcNormalization04.pdf	각
itext.tests/itext.kernel.tests/resources/itext/kernel/crypto/pdfencryption/UnicodeBasedPasswordEncryptionTest/cmp_unicodePassword_nfkcNormalization04.pdf	각
itext.tests/itext.kernel.tests/resources/itext/kernel/crypto/pdfencryption/UnicodeBasedPasswordEncryptionTest/cmp_unicodePassword_nfkcNormalization05.pdf	Hello
itext.tests/itext.kernel.tests/resources/itext/kernel/crypto/pdfencryption/UnicodeBasedPasswordEncryptionTest/cmp_unicodePassword_nfkcNormalization05.pdf	陋
itext.tests/itext.kernel.tests/resources/itext/kernel/crypto/pdfencryption/UnicodeBasedPasswordEncryptionTest/cmp_unicodePassword_nfkcNormalization05.pdf	陋
itext.tests/itext.kernel.tests/resources/itext/kernel/crypto/pdfencryption/UnicodeBasedPasswordEncryptionTest/cmp_unicodePassword_nonAsciiSpace01.pdf	Hello
itext.tests/itext.kernel.tests/resources/itext/kernel/crypto/pdfencryption/UnicodeBasedPasswordEncryptionTest/cmp_unicodePassword_nonAsciiSpace01.pdf	      ​
itext.tests/itext.kernel.tests/resources/itext/kernel/crypto/pdfencryption/UnicodeBasedPasswordEncryptionTest/cmp_unicodePassword_nonAsciiSpace01.pdf	       
itext.tests/itext.kernel.tests/resources/itext/kernel/crypto/pdfencryption/UnicodeBasedPasswordEncryptionTest/cmp_unicodePassword_rfc4013Example01.pdf	Hello
itext.tests/itext.kernel.tests/resources/itext/kernel/crypto/pdfencryption/UnicodeBasedPasswordEncryptionTest/cmp_unicodePassword_rfc4013Example01.pdf	IX
itext.tests/itext.kernel.tests/resources/itext/kernel/crypto/pdfencryption/UnicodeBasedPasswordEncryptionTest/cmp_unicodePassword_rfc4013Example01.pdf	I­X
itext.tests/itext.kernel.tests/resources/itext/kernel/crypto/pdfencryption/UnicodeBasedPasswordEncryptionTest/cmp_unicodePassword_rfc4013Example01.pdf	Ⅸ
itext.tests/itext.kernel.tests/resources/itext/kernel/crypto/pdfencryption/UnicodeBasedPasswordEncryptionTest/cmp_unicodePassword_rfc4013Example02.pdf	user
itext.tests/itext.kernel.tests/resources/itext/kernel/crypto/pdfencryption/UnicodeBasedPasswordEncryptionTest/cmp_unicodePassword_rfc4013Example02.pdf	Hello
itext.tests/itext.kernel.tests/resources/itext/kernel/crypto/pdfencryption/UnicodeBasedPasswordEncryptionTest/cmp_unicodePassword_rfc4013Example03.pdf	Hello
itext.tests/itext.kernel.tests/resources/itext/kernel/crypto/pdfencryption/UnicodeBasedPasswordEncryptionTest/cmp_unicodePassword_rfc4013Example03.pdf	ª
itext.tests/itext.kernel.tests/resources/itext/kernel/crypto/pdfencryption/UnicodeBasedPasswordEncryptionTest/cmp_unicodePassword_rfc4013Example03.pdf	a
itext.tests/itext.kernel.tests/resources/itext/kernel/crypto/pdfencryption/UnicodeBasedPasswordEncryptionTest/cmp_unicodePassword_rfc4013Example04.pdf	Hello
itext.tests/itext.kernel.tests/resources/itext/kernel/crypto/pdfencryption/UnicodeBasedPasswordEncryptionTest/cmp_unicodePassword_rfc4013Example04.pdf	IX
itext.tests/itext.kernel.tests/resources/itext/kernel/crypto/pdfencryption/UnicodeBasedPasswordEncryptionTest/cmp_unicodePassword_rfc4013Example04.pdf	I­X
itext.tests/itext.kernel.tests/resources/itext/kernel/crypto/pdfencryption/UnicodeBasedPasswordEncryptionTest/cmp_unicodePassword_rfc4013Example04.pdf	Ⅸ
itext.tests/itext.kernel.tests/resources/itext/kernel/crypto/pdfencryption/UnicodeBasedPasswordEncryptionTest/cmp_unicodePassword_tamil01.pdf	Hello
itext.tests/itext.kernel.tests/resources/itext/kernel/crypto/pdfencryption/UnicodeBasedPasswordEncryptionTest/cmp_unicodePassword_tamil01.pdf	இலக்கிய நடை கூட மக்களால்
itext.tests/itext.kernel.tests/resources/itext/kernel/crypto/pdfencryption/UnicodeBasedPasswordEncryptionTest/cmp_unicodePassword_thai01.pdf	Hello
itext.tests/itext.kernel.tests/resources/itext/kernel/crypto/pdfencryption/UnicodeBasedPasswordEncryptionTest/cmp_unicodePassword_thai01.pdf	ประเทศไทย
itext.tests/itext.kernel.tests/resources/itext/kernel/crypto/pdfencryption/UnicodeBasedPasswordEncryptionTest/cmp_unicodePassword_unicodeBom01.pdf	Hello
itext.tests/itext.kernel.tests/resources/itext/kernel/crypto/pdfencryption/UnicodeBasedPasswordEncryptionTest/cmp_unicodePassword_unicodeBom01.pdf	abc
itext.tests/itext.kernel.tests/resources/itext/kernel/crypto/pdfencryption/UnicodeBasedPasswordEncryptionTest/cmp_unicodePassword_unicodeBom01.pdf	﻿ab﻿c

# itext.tests/itext.kernel.tests/itext/kernel/crypto/securityhandler/PubSecHandlerUsingAesGcmTest.cs
itext.tests/itext.kernel.tests/resources/itext/kernel/crypto/securityhandler/PubSecHandlerUsingAesGcmTest/externalFile.pdf	testpassphrase	itext.tests/itext.kernel.tests/resources/itext/kernel/crypto/securityhandler/PubSecHandlerUsingAesGcmTest/decrypter.cert.pem	itext.tests/itext.kernel.tests/resources/itext/kernel/crypto/securityhandler/PubSecHandlerUsingAesGcmTest/signerkey.pem
itext.tests/itext.kernel.tests/resources/itext/kernel/crypto/securityhandler/PubSecHandlerUsingAesGcmTest/invalidCryptFilter.pdf	testpassphrase	itext.tests/itext.kernel.tests/resources/itext/kernel/crypto/securityhandler/PubSecHandlerUsingAesGcmTest/test.cer	itext.tests/itext.kernel.tests/resources/itext/kernel/crypto/securityhandler/PubSecHandlerUsingAesGcmTest/test.pem

# itext.tests/itext.kernel.tests/itext/kernel/crypto/securityhandler/StandardHandlerUsingAesGcmTest.cs
itext.tests/itext.kernel.tests/resources/itext/kernel/crypto/securityhandler/StandardHandlerUsingAesGcmTest/cmp_encryptedSimpleDocument.pdf	secret
itext.tests/itext.kernel.tests/resources/itext/kernel/crypto/securityhandler/StandardHandlerUsingAesGcmTest/cmp_encryptedSimpleDocument.pdf	supersecret
itext.tests/itext.kernel.tests/resources/itext/kernel/crypto/securityhandler/StandardHandlerUsingAesGcmTest/encryptedDocument.pdf	secret
itext.tests/itext.kernel.tests/resources/itext/kernel/crypto/securityhandler/StandardHandlerUsingAesGcmTest/encryptedDocument.pdf	supersecret
itext.tests/itext.kernel.tests/resources/itext/kernel/crypto/securityhandler/StandardHandlerUsingAesGcmTest/encryptedDocumentTamperedCiphertext.pdf	secret
itext.tests/itext.kernel.tests/resources/itext/kernel/crypto/securityhandler/StandardHandlerUsingAesGcmTest/encryptedDocumentTamperedCiphertext.pdf	supersecret
itext.tests/itext.kernel.tests/resources/itext/kernel/crypto/securityhandler/StandardHandlerUsingAesGcmTest/encryptedDocumentTamperedIv.pdf	secret
itext.tests/itext.kernel.tests/resources/itext/kernel/crypto/securityhandler/StandardHandlerUsingAesGcmTest/encryptedDocumentTamperedIv.pdf	supersecret
itext.tests/itext.kernel.tests/resources/itext/kernel/crypto/securityhandler/StandardHandlerUsingAesGcmTest/encryptedDocumentTamperedMac.pdf	secret
itext.tests/itext.kernel.tests/resources/itext/kernel/crypto/securityhandler/StandardHandlerUsingAesGcmTest/encryptedDocumentTamperedMac.pdf	supersecret

# itext.tests/itext.kernel.tests/itext/kernel/mac/MacIntegrityProtectorCreationTest.cs
itext.tests/itext.kernel.tests/resources/itext/kernel/mac/MacIntegrityProtectorCreationTest/cmp_addMacOnAppendModeTest.pdf	123
itext.tests/itext.kernel.tests/resources/itext/kernel/mac/MacIntegrityProtectorCreationTest/cmp_addMacOnPreserveEncryptionFor17DocTest.pdf	123
itext.tests/itext.kernel.tests/resources/itext/kernel/mac/MacIntegrityProtectorCreationTest/cmp_addMacOnPreserveEncryptionTest.pdf	123
itext.tests/itext.kernel.tests/resources/itext/kernel/mac/MacIntegrityProtectorCreationTest/cmp_addMacOnPreserveEncryptionWhileDowngradingTest.pdf	123
itext.tests/itext.kernel.tests/resources/itext/kernel/mac/MacIntegrityProtectorCreationTest/cmp_addMacOnPreservePublicKeyEncryptionTest.pdf	testpassphrase	itext.tests/itext.kernel.tests/resources/itext/kernel/mac/MacIntegrityProtectorCreationTest/certs/SHA256withRSA.cer	itext.tests/itext.kernel.tests/resources/itext/kernel/mac/MacIntegrityProtectorCreationTest/certs/SHA256withRSA.key
itext.tests/itext.kernel.tests/resources/itext/kernel/mac/MacIntegrityProtectorCreationTest/cmp_addMacWithDisableMacPropertyTest.pdf	123
itext.tests/itext.kernel.tests/resources/itext/kernel/mac/MacIntegrityProtectorCreationTest/cmp_macEncryptionWithAesGsmTest.pdf	123
itext.tests/itext.kernel.tests/resources/itext/kernel/mac/MacIntegrityProtectorCreationTest/cmp_noMacProtectionTest.pdf	123
itext.tests/itext.kernel.tests/resources/itext/kernel/mac/MacIntegrityProtectorCreationTest/cmp_standaloneMacPublicKeyEncryptionTest.pdf	testpassphrase	itext.tests/itext.kernel.tests/resources/itext/kernel/mac/MacIntegrityProtectorCreationTest/certs/SHA256withRSA.cer	itext.tests/itext.kernel.tests/resources/itext/kernel/mac/MacIntegrityProtectorCreationTest/certs/SHA256withRSA.key
itext.tests/itext.kernel.tests/resources/itext/kernel/mac/MacIntegrityProtectorCreationTest/cmp_standaloneMacStandardEncryptionTest.pdf	123
itext.tests/itext.kernel.tests/resources/itext/kernel/mac/MacIntegrityProtectorCreationTest/cmp_standaloneMacWithAllHashAlgorithmsTest1.pdf	123
itext.tests/itext.kernel.tests/resources/itext/kernel/mac/MacIntegrityProtectorCreationTest/cmp_standaloneMacWithAllHashAlgorithmsTest2.pdf	123
itext.tests/itext.kernel.tests/resources/itext/kernel/mac/MacIntegrityProtectorCreationTest/cmp_standaloneMacWithAllHashAlgorithmsTest3.pdf	123
itext.tests/itext.kernel.tests/resources/itext/kernel/mac/MacIntegrityProtectorCreationTest/cmp_standaloneMacWithAllHashAlgorithmsTest4.pdf	123
itext.tests/itext.kernel.tests/resources/itext/kernel/mac/MacIntegrityProtectorCreationTest/cmp_standaloneMacWithAllHashAlgorithmsTest5.pdf	123
itext.tests/itext.kernel.tests/resources/itext/kernel/mac/MacIntegrityProtectorCreationTest/cmp_standaloneMacWithAllHashAlgorithmsTest6.pdf	123
itext.tests/itext.kernel.tests/resources/itext/kernel/mac/MacIntegrityProtectorCreationTest/noMacProtectionDocument.pdf	123
itext.tests/itext.kernel.tests/resources/itext/kernel/mac/MacIntegrityProtectorCreationTest/noMacProtectionDocument_1_7.pdf	123
itext.tests/itext.kernel.tests/resources/itext/kernel/mac/MacIntegrityProtectorCreationTest/noMacProtectionPublicKeyEncryptionDocument.pdf	testpassphrase	itext.tests/itext.kernel.tests/resources/itext/kernel/mac/MacIntegrityProtectorCreationTest/certs/SHA256withRSA.cer	itext.tests/itext.kernel.tests/resources/itext/kernel/mac/MacIntegrityProtectorCreationTest/certs/SHA256withRSA.key

# itext.tests/itext.kernel.tests/itext/kernel/mac/MacIntegrityProtectorReadingAndRewritingTest.cs
itext.tests/itext.kernel.tests/resources/itext/kernel/mac/MacIntegrityProtectorReadingAndRewritingTest/cmp_appendModeTest.pdf	123
itext.tests/itext.kernel.tests/resources/itext/kernel/mac/MacIntegrityProtectorReadingAndRewritingTest/cmp_disableMacInAppendModeTest.pdf	123
itext.tests/itext.kernel.tests/resources/itext/kernel/mac/MacIntegrityProtectorReadingAndRewritingTest/cmp_disableMacTest.pdf	123
itext.tests/itext.kernel.tests/resources/itext/kernel/mac/MacIntegrityProtectorReadingAndRewritingTest/cmp_macShouldNotBePreservedWithEncryptionTest.pdf	123
itext.tests/itext.kernel.tests/resources/itext/kernel/mac/MacIntegrityProtectorReadingAndRewritingTest/cmp_preserveEncryptionTest.pdf	123
itext.tests/itext.kernel.tests/resources/itext/kernel/mac/MacIntegrityProtectorReadingAndRewritingTest/cmp_writerPropertiesTest.pdf	123
itext.tests/itext.kernel.tests/resources/itext/kernel/mac/MacIntegrityProtectorReadingAndRewritingTest/invalidMacProtectedDocument.pdf	123
itext.tests/itext.kernel.tests/resources/itext/kernel/mac/MacIntegrityProtectorReadingAndRewritingTest/invalidPublicKeyMacProtectedDocument.pdf	testpassphrase	itext.tests/itext.kernel.tests/resources/itext/kernel/mac/MacIntegrityProtectorReadingAndRewritingTest/certs/SHA256withRSA.cer	itext.tests/itext.kernel.tests/resources/itext/kernel/mac/MacIntegrityProtectorReadingAndRewritingTest/certs/SHA256withRSA.key
itext.tests/itext.kernel.tests/resources/itext/kernel/mac/MacIntegrityProtectorReadingAndRewritingTest/macProtectedDocument.pdf	123
itext.tests/itext.kernel.tests/resources/itext/kernel/mac/MacIntegrityProtectorReadingAndRewritingTest/macProtectedDocumentPdf1_7.pdf	123
itext.tests/itext.kernel.tests/resources/itext/kernel/mac/MacIntegrityProtectorReadingAndRewritingTest/macProtectionStrippedTest.pdf	123
itext.tests/itext.kernel.tests/resources/itext/kernel/mac/MacIntegrityProtectorReadingAndRewritingTest/noSaltTest.pdf	123
itext.tests/itext.kernel.tests/resources/itext/kernel/mac/MacIntegrityProtectorReadingAndRewritingTest/signedMacProtectedDocWithoutAttribute.pdf	123
itext.tests/itext.kernel.tests/resources/itext/kernel/mac/MacIntegrityProtectorReadingAndRewritingTest/signedMacProtectedDocument.pdf	123
itext.tests/itext.kernel.tests/resources/itext/kernel/mac/MacIntegrityProtectorReadingAndRewritingTest/thirdPartyMacProtectedDocument.pdf	123
itext.tests/itext.kernel.tests/resources/itext/kernel/mac/MacIntegrityProtectorReadingAndRewritingTest/thirdPartyMacProtectedDocumentTampered.pdf	123
itext.tests/itext.kernel.tests/resources/itext/kernel/mac/MacIntegrityProtectorReadingAndRewritingTest/thirdPartyPublicKeyMacProtectedDocument.pdf	testpassphrase	itext.tests/itext.kernel.tests/resources/itext/kernel/mac/MacIntegrityProtectorReadingAndRewritingTest/certs/certForEncryption.crt	itext.tests/itext.kernel.tests/resources/itext/kernel/mac/MacIntegrityProtectorReadingAndRewritingTest/certs/keyForEncryption.pem

# itext.tests/itext.kernel.tests/itext/kernel/pdf/EncryptedEmbeddedStreamsHandlerTest.cs
itext.tests/itext.kernel.tests/resources/itext/kernel/pdf/EncryptedEmbeddedStreamsHandlerTest/cmp_noReaderAesEncryptionAddFileAttachment.pdf	password
itext.tests/itext.kernel.tests/resources/itext/kernel/pdf/EncryptedEmbeddedStreamsHandlerTest/cmp_noReaderStandardEncryptionAddAnnotation.pdf	password
itext.tests/itext.kernel.tests/resources/itext/kernel/pdf/EncryptedEmbeddedStreamsHandlerTest/cmp_noReaderStandardEncryptionAddFileAttachment.pdf	password
itext.tests/itext.kernel.tests/resources/itext/kernel/pdf/EncryptedEmbeddedStreamsHandlerTest/cmp_readerWithoutEncryptionWriterStandardEncryption.pdf	password
itext.tests/itext.kernel.tests/resources/itext/kernel/pdf/EncryptedEmbeddedStreamsHandlerTest/pdfWithFileAttachmentAnnotations.pdf	password
itext.tests/itext.kernel.tests/resources/itext/kernel/pdf/EncryptedEmbeddedStreamsHandlerTest/pdfWithFileAttachments.pdf	password

# itext.tests/itext.kernel.tests/itext/kernel/pdf/PdfDocumentTest.cs
itext.tests/itext.kernel.tests/resources/itext/kernel/pdf/PdfDocumentTest/source.pdf	123

# itext.tests/itext.kernel.tests/itext/kernel/pdf/PdfReaderTest.cs
itext.tests/itext.kernel.tests/resources/itext/kernel/pdf/PdfReaderTest/simpleDocWithPassword.pdf	Hello
itext.tests/itext.kernel.tests/resources/itext/kernel/pdf/PdfReaderTest/unencryptedMetadataAes256.pdf	userpass

# itext.tests/itext.kernel.tests/itext/kernel/pdf/PdfStreamTest.cs
itext.tests/itext.kernel.tests/resources/itext/kernel/pdf/PdfStreamTest/cmp_cryptFilterTest.pdf	Hello
itext.tests/itext.kernel.tests/resources/itext/kernel/pdf/PdfStreamTest/cmp_cryptFilterTest.pdf	World
itext.tests/itext.kernel.tests/resources/itext/kernel/pdf/PdfStreamTest/cryptFilterTest.pdf	Hello
itext.tests/itext.kernel.tests/resources/itext/kernel/pdf/PdfStreamTest/cryptFilterTest.pdf	World

# itext.tests/itext.pdfua.tests/itext/pdfua/checkers/PdfUAEncryptionTest.cs
itext.tests/itext.pdfua.tests/resources/itext/pdfua/PdfUAEncryptionTest/cmp_encryptWithPassword.pdf	user
itext.tests/itext.pdfua.tests/resources/itext/pdfua/PdfUAEncryptionTest/cmp_encryptWithPassword.pdf	owner

# itext.tests/itext.sign.tests/itext/signatures/mac/ReadSignedMacProtectedDocumentTest.cs
itext.tests/itext.sign.tests/resources/itext/signatures/mac/ReadSignedMacProtectedDocumentTest/cmp_updateSignedMacProtectedDocumentTest.pdf	123
itext.tests/itext.sign.tests/resources/itext/signatures/mac/ReadSignedMacProtectedDocumentTest/signedMacProtectedInvalidDoc.pdf	123
itext.tests/itext.sign.tests/resources/itext/signatures/mac/ReadSignedMacProtectedDocumentTest/thirdPartyMacProtectedAndSignedDocument.pdf	123

# itext.tests/itext.sign.tests/itext/signatures/mac/SignedDocumentWithMacTest.cs
itext.tests/itext.sign.tests/resources/itext/signatures/mac/SignedDocumentWithMacTest/cmp_signMacProtectedDocInAppendModeTest_signDetached.pdf	123
itext.tests/itext.sign.tests/resources/itext/signatures/mac/SignedDocumentWithMacTest/cmp_signMacProtectedDocInAppendModeTest_signExternalContainerBlank.pdf	123
itext.tests/itext.sign.tests/resources/itext/signatures/mac/SignedDocumentWithMacTest/cmp_signMacProtectedDocInAppendModeTest_signExternalContainerReal.pdf	123
itext.tests/itext.sign.tests/resources/itext/signatures/mac/SignedDocumentWithMacTest/cmp_signMacProtectedDocInAppendModeTest_timestamping.pdf	123
itext.tests/itext.sign.tests/resources/itext/signatures/mac/SignedDocumentWithMacTest/cmp_signMacProtectedDocInAppendModeTest_timestamping_FIPS.pdf	123
itext.tests/itext.sign.tests/resources/itext/signatures/mac/SignedDocumentWithMacTest/cmp_signMacProtectedDocTest_signDetached.pdf	123
itext.tests/itext.sign.tests/resources/itext/signatures/mac/SignedDocumentWithMacTest/cmp_signMacProtectedDocTest_signExternalContainerBlank.pdf	123
itext.tests/itext.sign.tests/resources/itext/signatures/mac/SignedDocumentWithMacTest/cmp_signMacProtectedDocTest_signExternalContainerReal.pdf	123
itext.tests/itext.sign.tests/resources/itext/signatures/mac/SignedDocumentWithMacTest/cmp_signMacProtectedDocTest_timestamping.pdf	123
itext.tests/itext.sign.tests/resources/itext/signatures/mac/SignedDocumentWithMacTest/cmp_signMacProtectedDocTest_timestamping_FIPS.pdf	123
itext.tests/itext.sign.tests/resources/itext/signatures/mac/SignedDocumentWithMacTest/cmp_signMacProtectedDocWithSHA3_384Test_signDetached.pdf	123
itext.tests/itext.sign.tests/resources/itext/signatures/mac/SignedDocumentWithMacTest/cmp_signMacProtectedDocWithSHA3_384Test_signExternalContainerBlank.pdf	123
itext.tests/itext.sign.tests/resources/itext/signatures/mac/SignedDocumentWithMacTest/cmp_signMacProtectedDocWithSHA3_384Test_signExternalContainerReal.pdf	123
itext.tests/itext.sign.tests/resources/itext/signatures/mac/SignedDocumentWithMacTest/cmp_signMacProtectedDocWithSHA3_384Test_timestamping.pdf	123
itext.tests/itext.sign.tests/resources/itext/signatures/mac/SignedDocumentWithMacTest/cmp_signMacProtectedDocWithSHA3_384Test_timestamping_FIPS.pdf	123
itext.tests/itext.sign.tests/resources/itext/signatures/mac/SignedDocumentWithMacTest/cmp_signMacPublicEncryptionDocTest_signDetached.pdf	testpassphrase	itext.tests/itext.sign.tests/resources/itext/signatures/mac/SignedDocumentWithMacTest/certs/SHA256withRSA.cer	itext.tests/itext.sign.tests/resources/itext/signatures/mac/SignedDocumentWithMacTest/certs/SHA256withRSA.key
itext.tests/itext.sign.tests/resources/itext/signatures/mac/SignedDocumentWithMacTest/cmp_signMacPublicEncryptionDocTest_signExternalContainerBlank.pdf	testpassphrase	itext.tests/itext.sign.tests/resources/itext/signatures/mac/SignedDocumentWithMacTest/certs/SHA256withRSA.cer	itext.tests/itext.sign.tests/resources/itext/signatures/mac/SignedDocumentWithMacTest/certs/SHA256withRSA.key
itext.tests/itext.sign.tests/resources/itext/signatures/mac/SignedDocumentWithMacTest/cmp_signMacPublicEncryptionDocTest_signExternalContainerReal.pdf	testpassphrase	itext.tests/itext.sign.tests/resources/itext/signatures/mac/SignedDocumentWithMacTest/certs/SHA256withRSA.cer	itext.tests/itext.sign.tests/resources/itext/signatures/mac/SignedDocumentWithMacTest/certs/SHA256withRSA.key
itext.tests/itext.sign.tests/resources/itext/signatures/mac/SignedDocumentWithMacTest/cmp_signMacPublicEncryptionDocTest_timestamping.pdf	testpassphrase	itext.tests/itext.sign.tests/resources/itext/signatures/mac/SignedDocumentWithMacTest/certs/SHA256withRSA.cer	itext.tests/itext.sign.tests/resources/itext/signatures/mac/SignedDocumentWithMacTest/certs/SHA256withRSA.key
itext.tests/itext.sign.tests/resources/itext/signatures/mac/SignedDocumentWithMacTest/cmp_signNotMacProtectedDoc17Test_signDetached.pdf	123
itext.tests/itext.sign.tests/resources/itext/signatures/mac/SignedDocumentWithMacTest/cmp_signNotMacProtectedDoc17Test_signExternalContainerBlank.pdf	123
itext.tests/itext.sign.tests/resources/itext/signatures/mac/SignedDocumentWithMacTest/cmp_signNotMacProtectedDoc17Test_signExternalContainerReal.pdf	123
itext.tests/itext.sign.tests/resources/itext/signatures/mac/SignedDocumentWithMacTest/cmp_signNotMacProtectedDoc17Test_timestamping.pdf	123
itext.tests/itext.sign.tests/resources/itext/signatures/mac/SignedDocumentWithMacTest/cmp_signNotMacProtectedDoc17Test_timestamping_FIPS.pdf	123
itext.tests/itext.sign.tests/resources/itext/signatures/mac/SignedDocumentWithMacTest/cmp_signNotMacProtectedDocInAppendModeTest_signDetached.pdf	123
itext.tests/itext.sign.tests/resources/itext/signatures/mac/SignedDocumentWithMacTest/cmp_signNotMacProtectedDocInAppendModeTest_signExternalContainerBlank.pdf	123
itext.tests/itext.sign.tests/resources/itext/signatures/mac/SignedDocumentWithMacTest/cmp_signNotMacProtectedDocInAppendModeTest_signExternalContainerReal.pdf	123
itext.tests/itext.sign.tests/resources/itext/signatures/mac/SignedDocumentWithMacTest/cmp_signNotMacProtectedDocInAppendModeTest_timestamping.pdf	123
itext.tests/itext.sign.tests/resources/itext/signatures/mac/SignedDocumentWithMacTest/cmp_signNotMacProtectedDocInAppendModeTest_timestamping_FIPS.pdf	123
itext.tests/itext.sign.tests/resources/itext/signatures/mac/SignedDocumentWithMacTest/cmp_signNotMacProtectedDocTest_signDetached.pdf	123
itext.tests/itext.sign.tests/resources/itext/signatures/mac/SignedDocumentWithMacTest/cmp_signNotMacProtectedDocTest_signExternalContainerBlank.pdf	123
itext.tests/itext.sign.tests/resources/itext/signatures/mac/SignedDocumentWithMacTest/cmp_signNotMacProtectedDocTest_signExternalContainerReal.pdf	123
itext.tests/itext.sign.tests/resources/itext/signatures/mac/SignedDocumentWithMacTest/cmp_signNotMacProtectedDocTest_timestamping.pdf	123
itext.tests/itext.sign.tests/resources/itext/signatures/mac/SignedDocumentWithMacTest/cmp_signNotMacProtectedDocTest_timestamping_FIPS.pdf	123
itext.tests/itext.sign.tests/resources/itext/signatures/mac/SignedDocumentWithMacTest/macEncryptedDoc.pdf	123
itext.tests/itext.sign.tests/resources/itext/signatures/mac/SignedDocumentWithMacTest/macEncryptedDocSHA3_384.pdf	123
itext.tests/itext.sign.tests/resources/itext/signatures/mac/SignedDocumentWithMacTest/macEncryptedWithPublicHandlerDoc.pdf	testpassphrase	itext.tests/itext.sign.tests/resources/itext/signatures/mac/SignedDocumentWithMacTest/certs/SHA256withRSA.cer	itext.tests/itext.sign.tests/resources/itext/signatures/mac/SignedDocumentWithMacTest/certs/SHA256withRSA.key
itext.tests/itext.sign.tests/resources/itext/signatures/mac/SignedDocumentWithMacTest/noMacProtectionDocument.pdf	123
itext.tests/itext.sign.tests/resources/itext/signatures/mac/SignedDocumentWithMacTest/noMacProtectionDocument_1_7.pdf	123

# itext.tests/itext.sign.tests/itext/signatures/mac/TwoStepSigningWithMacTest.cs
itext.tests/itext.sign.tests/resources/itext/signatures/mac/TwoStepSigningWithMacTest/cmp_signDeferredWithDocumentTest.pdf	123
itext.tests/itext.sign.tests/resources/itext/signatures/mac/TwoStepSigningWithMacTest/cmp_signDeferredWithReaderTest.pdf	123
itext.tests/itext.sign.tests/resources/itext/signatures/mac/TwoStepSigningWithMacTest/cmp_twoPhaseSignerWithDocumentTest.pdf	123
itext.tests/itext.sign.tests/resources/itext/signatures/mac/TwoStepSigningWithMacTest/cmp_twoPhaseSignerWithReaderTest.pdf	123
itext.tests/itext.sign.tests/resources/itext/signatures/mac/TwoStepSigningWithMacTest/macEncryptedDoc.pdf	123

# itext.tests/itext.sign.tests/itext/signatures/sign/EncryptedSigningTest.cs
itext.tests/itext.sign.tests/resources/itext/signatures/sign/EncryptedSigningTest/cmp_signCertificateSecurityPdf.pdf	testpassphrase	itext.tests/itext.sign.tests/resources/itext/signatures/certs/signCertRsa01.pem	itext.tests/itext.sign.tests/resources/itext/signatures/certs/signCertRsa01.pem
itext.tests/itext.sign.tests/resources/itext/signatures/sign/EncryptedSigningTest/cmp_signedEncrypted.pdf	Hello
itext.tests/itext.sign.tests/resources/itext/signatures/sign/EncryptedSigningTest/cmp_signedEncrypted.pdf	World
itext.tests/itext.sign.tests/resources/itext/signatures/sign/EncryptedSigningTest/encrypted.pdf	Hello
itext.tests/itext.sign.tests/resources/itext/signatures/sign/EncryptedSigningTest/encrypted.pdf	World
itext.tests/itext.sign.tests/resources/itext/signatures/sign/EncryptedSigningTest/signCertificateSecurityPdf.pdf	testpassphrase	itext.tests/itext.sign.tests/resources/itext/signatures/certs/signCertRsa01.pem	itext.tests/itext.sign.tests/resources/itext/signatures/certs/signCertRsa01.pem

# itext.tests/itext.sign.tests/itext/signatures/validation/SignatureValidatorIntegrationTest.cs
itext.tests/itext.sign.tests/resources/itext/signatures/validation/SignatureValidatorIntegrationTest/encryptedDoc.pdf	123
itext.tests/itext.sign.tests/resources/itext/signatures/validation/SignatureValidatorIntegrationTest/encryptedPublicKeyDocTest.pdf	testpassphrase	itext.tests/itext.sign.tests/resources/itext/signatures/validation/SignatureValidatorIntegrationTest/certs/SHA256withRSA.cer	itext.tests/itext.sign.tests/resources/itext/signatures/validation/SignatureValidatorIntegrationTest/certs/SHA256withRSA.key
